{"data_time": 0.015033799999997655, "iteration": 4, "lr": 0.0005, "time": 2.2546595999999965, "total_loss": 6.859251499176025}
{"eta_seconds": 319246.2714023995, "iteration": 5}
