{"data_time": 0.022879492957144976, "iteration": 0, "lr": 0.0005, "total_loss": 9.572676658630371}
{"data_time": 0.02107835211791098, "iteration": 0, "lr": 0.0005, "total_loss": 9.578763961791992}
{"data_time": 0.021980518009513617, "iteration": 0, "lr": 0.0005, "total_loss": 9.628511428833008}
{"data_time": 0.02299995208159089, "iteration": 0, "lr": 0.0005, "total_loss": 9.656363487243652}
{"data_time": 0.027190312976017594, "iteration": 0, "lr": 0.0005, "total_loss": 9.643026351928711}
{"data_time": 0.027839501854032278, "iteration": 0, "lr": 0.0005, "total_loss": 9.448877334594727}
{"data_time": 0.022034648107364774, "iteration": 0, "lr": 0.0005, "total_loss": 7.981155872344971}
{"data_time": 0.021505335811525583, "iteration": 0, "lr": 0.0005, "total_loss": 8.003116607666016}
{"BCEWithLogits Loss(G)": 2297.777587890625, "BCEWithLogits Loss(U)": 2255.867919921875, "data_time": 0.11284313499345444, "iteration": 0, "lr": 0.0005, "total_loss": 4553.6455078125}
{"BCEWithLogits Loss(G)": 2307.623291015625, "BCEWithLogits Loss(U)": 2300.8486328125, "data_time": 0.06442185898777097, "iteration": 0, "lr": 0.0005, "total_loss": 4608.471923828125}
{"BCEWithLogits Loss(G)": 178.39051055908203, "BCEWithLogits Loss(U)": 227.55577850341797, "data_time": 0.022079659494920634, "eta_seconds": 100243.62016120664, "iteration": 19, "lr": 0.0005, "time": 0.0699229369929526, "total_loss": 405.9462890625}
{"BCEWithLogits Loss(G)": 10.03835678100586, "BCEWithLogits Loss(U)": 10.965576171875, "data_time": 0.02191597300407011, "eta_seconds": 100760.47532988974, "iteration": 39, "lr": 0.0005, "time": 0.07035230050678365, "total_loss": 21.00393295288086}
{"BCEWithLogits Loss(G)": 8.171501159667969, "BCEWithLogits Loss(U)": 8.476545810699463, "data_time": 0.021529344492591918, "eta_seconds": 100656.51990348706, "iteration": 59, "lr": 0.0005, "time": 0.07010087849630509, "total_loss": 16.64804697036743}
{"BCEWithLogits Loss(G)": 8.448378562927246, "BCEWithLogits Loss(U)": 8.536249160766602, "data_time": 0.021349599497625604, "eta_seconds": 100494.51638594808, "iteration": 79, "lr": 0.0005, "time": 0.0692053354869131, "total_loss": 16.934570789337158}
{"BCEWithLogits Loss(G)": 7.571714401245117, "BCEWithLogits Loss(U)": 7.751181364059448, "data_time": 0.021532860497245565, "eta_seconds": 100493.11436837816, "iteration": 99, "lr": 0.0005, "time": 0.07030868850415573, "total_loss": 15.322895765304565}
{"BCEWithLogits Loss(G)": 8.115211009979248, "BCEWithLogits Loss(U)": 8.20161485671997, "data_time": 0.02222929851268418, "eta_seconds": 100652.30712912744, "iteration": 119, "lr": 0.0005, "time": 0.07068456101114862, "total_loss": 16.31682586669922}
{"BCEWithLogits Loss(G)": 8.11142635345459, "BCEWithLogits Loss(U)": 8.187132835388184, "data_time": 0.02223961400159169, "eta_seconds": 100702.68126264389, "iteration": 139, "lr": 0.0005, "time": 0.07026450950070284, "total_loss": 16.298559188842773}
{"BCEWithLogits Loss(G)": 8.579989433288574, "BCEWithLogits Loss(U)": 8.673186302185059, "data_time": 0.02200922449992504, "eta_seconds": 100808.89125263391, "iteration": 159, "lr": 0.0005, "time": 0.07175850500061642, "total_loss": 17.253175735473633}
{"BCEWithLogits Loss(G)": 7.992174386978149, "BCEWithLogits Loss(U)": 7.994581699371338, "data_time": 0.022035501489881426, "eta_seconds": 100880.1623990899, "iteration": 179, "lr": 0.0005, "time": 0.07149047948769294, "total_loss": 15.949848890304565}
{"BCEWithLogits Loss(G)": 8.42777395248413, "BCEWithLogits Loss(U)": 8.5505690574646, "data_time": 0.021900178500800394, "eta_seconds": 100921.37639784123, "iteration": 199, "lr": 0.0005, "time": 0.07095617700542789, "total_loss": 16.972187042236328}
{"BCEWithLogits Loss(G)": 8.555107116699219, "BCEWithLogits Loss(U)": 8.618117332458496, "data_time": 0.021941247512586415, "eta_seconds": 101172.01046105241, "iteration": 219, "lr": 0.0005, "time": 0.07208512400393374, "total_loss": 17.168368339538574}
{"BCEWithLogits Loss(G)": 8.281460762023926, "BCEWithLogits Loss(U)": 8.324410438537598, "data_time": 0.02198527948348783, "eta_seconds": 101452.45168652138, "iteration": 239, "lr": 0.0005, "time": 0.07194126248941757, "total_loss": 16.605871200561523}
{"BCEWithLogits Loss(G)": 8.204876899719238, "BCEWithLogits Loss(U)": 8.22143816947937, "data_time": 0.02181292099703569, "eta_seconds": 101612.62077017382, "iteration": 259, "lr": 0.0005, "time": 0.0710945799946785, "total_loss": 16.436129808425903}
{"BCEWithLogits Loss(G)": 7.622670412063599, "BCEWithLogits Loss(U)": 7.600070953369141, "data_time": 0.021908914495725185, "eta_seconds": 101525.19146465493, "iteration": 279, "lr": 0.0005, "time": 0.07046242950309534, "total_loss": 15.22274136543274}
{"BCEWithLogits Loss(G)": 7.917977809906006, "BCEWithLogits Loss(U)": 7.848972320556641, "data_time": 0.021945920496364124, "eta_seconds": 101589.63298612871, "iteration": 299, "lr": 0.0005, "time": 0.07187644799705595, "total_loss": 15.784554958343506}
{"BCEWithLogits Loss(G)": 8.25528860092163, "BCEWithLogits Loss(U)": 8.16596508026123, "data_time": 0.021713520502089523, "eta_seconds": 101326.01142844214, "iteration": 319, "lr": 0.0005, "time": 0.07006963300227653, "total_loss": 16.42125368118286}
{"BCEWithLogits Loss(G)": 8.268762588500977, "BCEWithLogits Loss(U)": 8.237730026245117, "data_time": 0.021869060990866274, "eta_seconds": 101333.8194880083, "iteration": 339, "lr": 0.0005, "time": 0.07078493152221199, "total_loss": 16.506492614746094}
{"BCEWithLogits Loss(G)": 7.492757797241211, "BCEWithLogits Loss(U)": 7.413733005523682, "data_time": 0.021905235495069064, "eta_seconds": 101359.80998041836, "iteration": 359, "lr": 0.0005, "time": 0.07078730799548794, "total_loss": 14.906490802764893}
{"BCEWithLogits Loss(G)": 165.00782012939453, "BCEWithLogits Loss(U)": 234.4179916381836, "data_time": 0.02179707449977286, "eta_seconds": 101693.05307454226, "iteration": 19, "lr": 0.0005, "time": 0.07093395999982022, "total_loss": 399.4258117675781}
{"BCEWithLogits Loss(G)": 11.503399848937988, "BCEWithLogits Loss(U)": 12.19166612625122, "data_time": 0.021974921008222736, "eta_seconds": 101507.64775944612, "iteration": 39, "lr": 0.0005, "time": 0.07043219050683547, "total_loss": 23.81166696548462}
{"BCEWithLogits Loss(G)": 8.30098009109497, "BCEWithLogits Loss(U)": 8.488112926483154, "data_time": 0.021812904509715736, "eta_seconds": 101346.5913605965, "iteration": 59, "lr": 0.0005, "time": 0.06992717951652594, "total_loss": 16.756648540496826}
{"BCEWithLogits Loss(G)": 8.560696125030518, "BCEWithLogits Loss(U)": 8.600174903869629, "data_time": 0.021600347012281418, "eta_seconds": 101066.78104725113, "iteration": 79, "lr": 0.0005, "time": 0.06946426699869335, "total_loss": 17.160871028900146}
{"BCEWithLogits Loss(G)": 8.298319816589355, "BCEWithLogits Loss(U)": 8.387529850006104, "data_time": 0.02166181249776855, "eta_seconds": 101125.8001861861, "iteration": 99, "lr": 0.0005, "time": 0.07057014699967112, "total_loss": 16.68584966659546}
{"BCEWithLogits Loss(G)": 7.952498435974121, "BCEWithLogits Loss(U)": 8.109239101409912, "data_time": 0.021750428015366197, "eta_seconds": 100596.8639537679, "iteration": 119, "lr": 0.0005, "time": 0.0694612435036106, "total_loss": 16.061737537384033}
{"BCEWithLogits Loss(G)": 8.867627143859863, "BCEWithLogits Loss(U)": 8.942415714263916, "data_time": 0.02158405800582841, "eta_seconds": 100538.25624675897, "iteration": 139, "lr": 0.0005, "time": 0.06950309399690013, "total_loss": 17.792383193969727}
{"BCEWithLogits Loss(G)": 8.765602111816406, "BCEWithLogits Loss(U)": 8.762655258178711, "data_time": 0.021583234498393722, "eta_seconds": 100268.8224528778, "iteration": 159, "lr": 0.0005, "time": 0.06903421800234355, "total_loss": 17.528257369995117}
{"BCEWithLogits Loss(G)": 8.899724960327148, "BCEWithLogits Loss(U)": 8.992547988891602, "data_time": 0.021513155996217392, "eta_seconds": 100154.69758726002, "iteration": 179, "lr": 0.0005, "time": 0.06907425550161861,